{"CLEAR":0.0070853888,"OVERCAST":0.0041143967,"RAIN":0.0186074299,"SNOW":0.0235211105}