{"0":0.0050900686,"1":0.0158174333,"2":0.0171484276,"3":0.0124435246,"4":0.006142888,"5":0.0064318456,"6":0.0026728109,"7":0.0045997093,"8":0.0043807541,"9":0.0058399343,"10":0.0042754031,"11":0.0050713551,"12":0.0068906961,"13":0.0069319682,"14":0.0065065502,"15":0.0069968891,"16":0.0066838066,"17":0.0080487877,"18":0.0061393715,"19":0.0060999034,"20":0.0081993719,"21":0.0083201329,"22":0.0100623108,"23":0.0095419165}